Регион,Герой,Название улицы
Republic of Adygea,Зоя Космодемьянская,улица з. космодемьянской
Republic of Bashkortostan,Зоя Космодемьянская,улица космодемьянской
Republic of Bashkortostan,Зоя Космодемьянская,переулок зои космодемьянской
Republic of Bashkortostan,Зоя Космодемьянская,улица зои космодемьянской
Republic of Buryatia,Зоя Космодемьянская,улица зои космодемьянской
Republic of Dagestan,Зоя Космодемьянская,улица космодемьянской
Republic of Dagestan,Зоя Космодемьянская,улица зои космодемьянской
Republic of Ingushetia,Зоя Космодемьянская,улица зои космодемьянской
Republic of Kalmykia,Зоя Космодемьянская,улица зои космодемьянской
Karachay-Cherkess Republic,Зоя Космодемьянская,улица космодемьянской
Karachay-Cherkess Republic,Зоя Космодемьянская,улица зои космодемьянской
Komi Republic,Зоя Космодемьянская,переулок зои космодемьянской
Komi Republic,Зоя Космодемьянская,улица зои космодемьянской
Republic of Mordovia,Зоя Космодемьянская,проезд зои космодемьянской
Republic of Mordovia,Зоя Космодемьянская,2-й переулок зои космодемьянской
Republic of Mordovia,Зоя Космодемьянская,1-й переулок зои космодемьянской
Republic of Mordovia,Зоя Космодемьянская,улица зои космодемьянской
Republic of North Ossetia-Alania,Зоя Космодемьянская,улица зои космодемьянской
Republic of Tatarstan,Зоя Космодемьянская,переулок космодемьянской
Republic of Tatarstan,Зоя Космодемьянская,улица космодемьянской
Republic of Tatarstan,Зоя Космодемьянская,космодемьянская улица
Republic of Tatarstan,Зоя Космодемьянская,улица зои космодемьянской
Republic of Tatarstan,Зоя Космодемьянская,заезд зои космодемьянской
Republic of Tatarstan,Зоя Космодемьянская,улица зои козьмодемьянской
Udmurt Republic,Зоя Космодемьянская,улица космодемьянской
Udmurt Republic,Зоя Космодемьянская,улица зои космодемьянской
Republic of Khakassia,Зоя Космодемьянская,улица зои космодемьянской
Chechen Republic,Зоя Космодемьянская,переулок зои космодемьянской
Chechen Republic,Зоя Космодемьянская,улица зои космодемьянской
Chuvash Republic,Зоя Космодемьянская,улица зои космодемьянской
Altai Krai,Зоя Космодемьянская,улица космодемьянской
Altai Krai,Зоя Космодемьянская,улица з. космодемьянской
Altai Krai,Зоя Космодемьянская,улица зои космодемьянской
Zabaykalsky Krai,Зоя Космодемьянская,переулок зои космодемьянской
Zabaykalsky Krai,Зоя Космодемьянская,улица зои космодемьянской
Krasnodar Krai,Зоя Космодемьянская,переулок космодемьянской
Krasnodar Krai,Зоя Космодемьянская,улица космодемьянской
Krasnodar Krai,Зоя Космодемьянская,переулок зои космодемьянской
Krasnodar Krai,Зоя Космодемьянская,улица зои космодемьянской
Krasnodar Krai,Зоя Космодемьянская,улица им. космодемьянской
Krasnoyarsk Krai,Зоя Космодемьянская,улица космодемьянской
Krasnoyarsk Krai,Зоя Космодемьянская,переулок з. космодемьянской
Krasnoyarsk Krai,Зоя Космодемьянская,улица зои космодемьянской
Perm Krai,Зоя Космодемьянская,улица космодемьянской
Perm Krai,Зоя Космодемьянская,космодемьянская улица
Perm Krai,Зоя Космодемьянская,улица зои космодемьянской
Perm Krai,Зоя Космодемьянская,переулок з.космодемьянской
Perm Krai,Зоя Космодемьянская,улица з.космодемьянской
Primorsky Krai,Зоя Космодемьянская,улица космодемьянской
Primorsky Krai,Зоя Космодемьянская,улица зои космодемьянской
Stavropol Krai,Зоя Космодемьянская,улица космодемьянской
Stavropol Krai,Зоя Космодемьянская,проезд космодемьянской
Stavropol Krai,Зоя Космодемьянская,переулок з. космодемьянской
Stavropol Krai,Зоя Космодемьянская,переулок зои космодемьянской
Stavropol Krai,Зоя Космодемьянская,улица зои космодемьянской
Khabarovsk Krai,Зоя Космодемьянская,переулок зои космодемьянской
Khabarovsk Krai,Зоя Космодемьянская,улица зои космодемьянской
Amur Oblast,Зоя Космодемьянская,переулок зои космодемьянской
Amur Oblast,Зоя Космодемьянская,улица зои космодемьянской
Arkhangelsk Oblast,Зоя Космодемьянская,улица космодемьянской
Arkhangelsk Oblast,Зоя Космодемьянская,улица зои космодемьянской
Astrakhan Oblast,Зоя Космодемьянская,лица зои космодемьянской
Astrakhan Oblast,Зоя Космодемьянская,улица з.космодемьянской
Astrakhan Oblast,Зоя Космодемьянская,улица зои космодемьянской
Belgorod Oblast,Зоя Космодемьянская,переулок зои космодемьянской
Belgorod Oblast,Зоя Космодемьянская,улица зои космодемьянской
Bryansk Oblast,Зоя Космодемьянская,улица зои космодемьянской
Vladimir Oblast,Зоя Космодемьянская,улица космодемьянской
Vladimir Oblast,Зоя Космодемьянская,улица зои космодемьянской
Volgograd Oblast,Зоя Космодемьянская,переулок космодемьянской
Volgograd Oblast,Зоя Космодемьянская,улица космодемьянской
Volgograd Oblast,Зоя Космодемьянская,улица зои космодемьянской
Volgograd Oblast,Зоя Космодемьянская,проезд космодемьянской
Voronezh Oblast,Зоя Космодемьянская,переулок космодемьянской
Voronezh Oblast,Зоя Космодемьянская,улица космодемьянской
Voronezh Oblast,Зоя Космодемьянская,1-й переулок зои космодемьянской
Voronezh Oblast,Зоя Космодемьянская,переулок зои комедемьянской
Voronezh Oblast,Зоя Космодемьянская,переулок зои космодемьянской
Voronezh Oblast,Зоя Космодемьянская,улица зои космодемьянской
Voronezh Oblast,Зоя Космодемьянская,улица зои космедемьянской
Voronezh Oblast,Зоя Космодемьянская,2-й переулок зои космодемьянской
Ivanovo Oblast,Зоя Космодемьянская,улица космодемьянской
Ivanovo Oblast,Зоя Космодемьянская,улица зои космодемьянской
Irkutsk Oblast,Зоя Космодемьянская,улица космодемьянской
Irkutsk Oblast,Зоя Космодемьянская,улица з.космодемьянской
Irkutsk Oblast,Зоя Космодемьянская,улица зои космодемьянской
Kaliningrad Oblast,Зоя Космодемьянская,улица зои космодемьянской
Kaluga Oblast,Зоя Космодемьянская,улица зои космодемьянской
Kemerovo Oblast,Зоя Космодемьянская,улица космодемьянской
Kemerovo Oblast,Зоя Космодемьянская,улица з.космодемьянской
Kemerovo Oblast,Зоя Космодемьянская,улица зои космодемьянской
Kemerovo Oblast,Зоя Космодемьянская,переулок зои космодемьянской
Kirov Oblast,Зоя Космодемьянская,козьмодемьянская улица
Kirov Oblast,Зоя Космодемьянская,русское тимкино - козмодемьянское
Kirov Oblast,Зоя Космодемьянская,космодемьянская улица
Kirov Oblast,Зоя Космодемьянская,улица зои космодемьянской
Kirov Oblast,Зоя Космодемьянская,переулок з.космодемьянской
Kostroma Oblast,Зоя Космодемьянская,улица зои космодемьянской
Kurgan Oblast,Зоя Космодемьянская,улица з. космодемьянской
Kurgan Oblast,Зоя Космодемьянская,улица зои космодемьянской
Kursk Oblast,Зоя Космодемьянская,улица зои космодемьянской
Leningrad Oblast,Зоя Космодемьянская,улица зои космодемьянской
Lipetsk Oblast,Зоя Космодемьянская,улица космодемьянской
Lipetsk Oblast,Зоя Космодемьянская,улица зои космодемьянской
Moscow Oblast,Зоя Космодемьянская,космодемьянская улица
Moscow Oblast,Зоя Космодемьянская,улица зои космодемьянской
Murmansk Oblast,Зоя Космодемьянская,улица зои космодемьянской
Nizhny Novgorod Oblast,Зоя Космодемьянская,улица космодемьянской
Nizhny Novgorod Oblast,Зоя Космодемьянская,переулок зои космодемьянской
Nizhny Novgorod Oblast,Зоя Космодемьянская,улица зои космодемьянской
Nizhny Novgorod Oblast,Зоя Космодемьянская,улица з. космодемьянской
Nizhny Novgorod Oblast,Зоя Космодемьянская,улица з.космодемьянской
Novgorod Oblast,Зоя Космодемьянская,улица зои космодемьянской
Novgorod Oblast,Зоя Космодемьянская,козьмодемьянская улица
Novosibirsk Oblast,Зоя Космодемьянская,улица космодемьянской
Novosibirsk Oblast,Зоя Космодемьянская,улица зои космодемьянской
Omsk Oblast,Зоя Космодемьянская,улица зои космодемьянской
Orenburg Oblast,Зоя Космодемьянская,улица космодемьянской
Orenburg Oblast,Зоя Космодемьянская,улица зои космодемьянской
Oryol Oblast,Зоя Космодемьянская,улица космодемьянской
Oryol Oblast,Зоя Космодемьянская,улица зои космодемьянской
Penza Oblast,Зоя Космодемьянская,улица космодемьянской
Pskov Oblast,Зоя Космодемьянская,улица зои космодемьянской
Rostov Oblast,Зоя Космодемьянская,улица космодемьянской
Rostov Oblast,Зоя Космодемьянская,переулок зои космодемьянской
Rostov Oblast,Зоя Космодемьянская,улица зои космодемьянской
Rostov Oblast,Зоя Космодемьянская,проспект зои космодемьянской
Ryazan Oblast,Зоя Космодемьянская,улица космодемьянской
Ryazan Oblast,Зоя Космодемьянская,1-й проезд космодемьянской
Samara Oblast,Зоя Космодемьянская,улица космодемьянской
Samara Oblast,Зоя Космодемьянская,улица з. космодемьянской
Samara Oblast,Зоя Космодемьянская,улица зои космодемьянской
Saratov Oblast,Зоя Космодемьянская,улица з.космодемьянской
Saratov Oblast,Зоя Космодемьянская,улица зои космодемьянской
Sakhalin Oblast,Зоя Космодемьянская,улица зои космодемьянской
Sverdlovsk Oblast,Зоя Космодемьянская,улица зои космодемьянской
Smolensk Oblast,Зоя Космодемьянская,переулок зои космодемьянской
Smolensk Oblast,Зоя Космодемьянская,улица зои космодемьянской
Tambov Oblast,Зоя Космодемьянская,улица имени александра космодемьянского
Tambov Oblast,Зоя Космодемьянская,улица з.космодемьянской
Tambov Oblast,Зоя Космодемьянская,улица зои космодемьянской
Tambov Oblast,Зоя Космодемьянская,космодемьянский переулок
Tver Oblast,Зоя Космодемьянская,улица зои космодемьянской
Tomsk Oblast,Зоя Космодемьянская,улица з. космодемьянской
Tomsk Oblast,Зоя Космодемьянская,улица космодемьянской
Tomsk Oblast,Зоя Космодемьянская,улица зои космодемьянской
Tula Oblast,Зоя Космодемьянская,улица зои космодемьянской
Tyumen Oblast,Зоя Космодемьянская,улица зои космодемьянской
Ulyanovsk Oblast,Зоя Космодемьянская,улица космодемьянской
Ulyanovsk Oblast,Зоя Космодемьянская,1-й переулок зои космодемьянской
Ulyanovsk Oblast,Зоя Космодемьянская,3-й переулок зои космодемьянской
Ulyanovsk Oblast,Зоя Космодемьянская,переулок зои космодемьянской
Ulyanovsk Oblast,Зоя Космодемьянская,улица зои космодемьянской
Ulyanovsk Oblast,Зоя Космодемьянская,2-й переулок зои космодемьянской
Chelyabinsk Oblast,Зоя Космодемьянская,переулок зои космодемьянской
Chelyabinsk Oblast,Зоя Космодемьянская,улица зои космодемьянской
Yaroslavl Oblast,Зоя Космодемьянская,улица зои космодемьянской
Moscow,Зоя Космодемьянская,улица зои и александра космодемьянских
Saint Petersburg,Зоя Космодемьянская,улица зои космодемьянской
Jewish Autonomous Oblast,Зоя Космодемьянская,улица зои космодемьянской
Khanty-Mansi Autonomous Okrug,Зоя Космодемьянская,улица зои космодемьянской
Yamalo-Nenets Autonomous Okrug,Зоя Космодемьянская,улица зои космодемьянской
